{"cameraMode":{"drawMode":0,"name":"Shaded","section":"Shading Mode"},"sceneLighting":false,"audioPlay":false,"sceneViewState":{"m_AlwaysRefresh":false,"showFog":true,"showSkybox":false,"showFlares":true,"showImageEffects":true,"showParticleSystems":true,"showVisualEffectGraphs":true,"m_FxEnabled":true},"in2DMode":false,"pivot":{"x":-23.00672721862793,"y":0.07085445523262024,"z":-2.789071559906006},"rotation":{"x":0.038159001618623736,"y":0.9380889534950256,"z":-0.10968775302171707,"w":0.3263542354106903},"size":0.3664245009422302,"orthographic":true}