{"cameraMode":{"drawMode":0,"name":"Shaded","section":"Shading Mode"},"sceneLighting":false,"audioPlay":false,"sceneViewState":{"m_AlwaysRefresh":false,"showFog":true,"showSkybox":false,"showFlares":true,"showImageEffects":true,"showParticleSystems":true,"showVisualEffectGraphs":true,"m_FxEnabled":true},"in2DMode":false,"pivot":{"x":-3.1517152786254885,"y":1.4234737157821656,"z":14.197627067565918},"rotation":{"x":0.1598968356847763,"y":-0.27722784876823428,"z":0.046845342963933948,"w":0.946248471736908},"size":2.843578338623047,"orthographic":true}